,gmid10_id,gmid15_id,gmid10_vgs,gmid15_vgs,gmid10_vth,gmid15_vth,gmid10_vdsat,gmid15_vdsat,gmid10_rds,gmid15_rds,gmid10_gmrds,gmid15_gmrds,gmid10_gmrds_db,gmid15_gmrds_db,name,type,time,OK
0,39.56326,12.073319999999999,638.6945000000001,551.956,443.8154,455.9875,152.1799,93.50801,0.534126,1.212494,211.0719,218.8502,46.48853,46.80291,dc_SchGtKttTtVt,Sch,Sat Dec 14 11:17:11 2024,True
