,gmid10_id,gmid15_id,gmid10_vgs,gmid15_vgs,gmid10_vth,gmid15_vth,gmid10_vdsat,gmid15_vdsat,gmid10_rds,gmid15_rds,gmid10_gmrds,gmid15_gmrds,gmid10_gmrds_db,gmid15_gmrds_db,name,type,time,OK
0,3.040502,0.6804173,-949.7293999999999,-842.8681,798.5462,811.9406,142.6076,76.90658,27.702959999999997,108.54419999999999,842.0478,1101.601,58.50661,60.84037,dc_SchGtKfsTlVt,Sch,Sat Dec 14 11:16:35 2024,True
1,2.043793,0.5017088000000001,-998.1188,-893.2280999999999,835.5186,845.3615,141.6174,78.5589,42.09169,152.41979999999998,858.8429,1140.662,58.67759,61.14286,dc_SchGtKsfTlVt,Sch,Sat Dec 14 11:16:35 2024,True
2,3.238322,0.8182008,-964.0495999999999,-863.5938,806.0941,816.7309,152.7893,85.89602000000001,26.118969999999997,92.17255,843.585,1124.329,58.52133,61.01759,dc_SchGtKffTlVt,Sch,Sat Dec 14 11:16:35 2024,True
3,2.088886,0.4733462,-992.6669999999999,-882.9362,835.8888,846.7255,137.9212,74.36202,41.021139999999995,158.9015,855.1374,1122.156,58.6399,61.0009,dc_SchGtKssTlVt,Sch,Sat Dec 14 11:16:35 2024,True
4,2.234626,0.11210419999999999,-877.9873,-656.1715,746.9765,752.4651,153.20829999999998,56.02919,37.41109,574.8322,834.7022,960.9233,58.43017,59.65366,dc_SchGtKfsTahVt,Sch,Sat Dec 14 11:16:35 2024,True
5,1.577384,0.29919670000000004,-945.4262,-810.8691,797.1785,795.7180999999999,157.9519,82.27114,54.207699999999996,250.4228,853.063,1122.082,58.61875,61.00046,dc_SchGtKsfTahVt,Sch,Sat Dec 14 11:16:35 2024,True
6,2.3558660000000002,0.2644362,-895.3676,-725.0135,756.7366,757.2769999999999,162.5018,72.24974,35.60838,264.4124,836.9123,1043.104,58.45277,60.36651,dc_SchGtKffTahVt,Sch,Sat Dec 14 11:16:35 2024,True
7,1.606267,0.254299,-937.2252,-789.1783999999999,796.2006,794.9347,153.5992,75.58252999999999,52.946819999999995,287.03229999999996,848.8462,1093.158,58.57595,60.77365,dc_SchGtKssTahVt,Sch,Sat Dec 14 11:16:35 2024,True
