,gmid10_id,gmid15_id,gmid10_vgs,gmid15_vgs,gmid10_vth,gmid15_vth,gmid10_vdsat,gmid15_vdsat,gmid10_rds,gmid15_rds,gmid10_gmrds,gmid15_gmrds,gmid10_gmrds_db,gmid15_gmrds_db,name,type,time,OK
0,4.293013,1.102472,-958.2092,-859.5492,795.5894999999999,807.937,131.74259999999998,74.71417,13.05486,44.10941,559.5246,728.5653,54.95572,57.24934,dc_SchGtKfsTlVt,Sch,Sat Dec 14 11:16:41 2024,True
1,2.9568470000000002,0.7856229,-1004.6060000000001,-904.1890999999999,835.0643,843.5064,124.91539999999999,71.42896,19.458589999999997,64.12013,573.9087,751.0337,55.17582,57.51287,dc_SchGtKsfTlVt,Sch,Sat Dec 14 11:16:41 2024,True
2,4.333602,1.15797,-967.9833,-870.9926999999999,801.6077,812.6421,135.83999999999997,77.97498,13.011989999999999,42.60447,562.8879,738.3114,55.00769,57.36466,dc_SchGtKffTlVt,Sch,Sat Dec 14 11:16:41 2024,True
3,3.054761,0.7902997,-999.2573,-897.4522000000001,833.0492,842.0113,122.7962,69.54871999999999,18.68037,62.922039999999996,570.2254,742.2584,55.12065,57.41093,dc_SchGtKssTlVt,Sch,Sat Dec 14 11:16:41 2024,True
4,3.6044810000000003,0.3848824,-906.6149,-732.6021999999999,763.8849,764.188,147.89849999999998,63.94303,15.483139999999999,115.7611,556.9083,665.5898,54.91503,56.46406,dc_SchGtKfsTahVt,Sch,Sat Dec 14 11:16:40 2024,True
5,2.611215,0.5156116000000001,-970.2384,-838.3576,816.9765,814.9144,145.8525,76.4629,21.90016,95.14938,571.74,733.8854,55.14389,57.31255,dc_SchGtKsfTahVt,Sch,Sat Dec 14 11:16:40 2024,True
6,3.622316,0.5122352,-918.9774000000001,-763.9034,772.0323,771.2384,152.12619999999998,71.44503,15.503599999999999,90.69433,561.0965,693.4607,54.98047,56.82042,dc_SchGtKffTahVt,Sch,Sat Dec 14 11:16:40 2024,True
7,2.702088,0.4753962,-962.5922999999999,-822.1566,813.4199,811.4042000000001,143.35819999999998,72.31456,21.03307,100.9618,567.333,717.5589,55.07616,57.11714,dc_SchGtKssTahVt,Sch,Sat Dec 14 11:16:40 2024,True
