,gmid10_id,gmid15_id,gmid10_vgs,gmid15_vgs,gmid10_vth,gmid15_vth,gmid10_vdsat,gmid15_vdsat,gmid10_rds,gmid15_rds,gmid10_gmrds,gmid15_gmrds,gmid10_gmrds_db,gmid15_gmrds_db,name,type,time,OK
0,3.194682,0.5202723,-942.1729,-796.5579,792.9808,791.3584999999999,149.96970000000002,73.6632,17.71236,91.31962999999999,564.9724,709.4413,55.04,57.01833,dc_SchGtKttTtVt,Sch,Sat Dec 14 11:16:40 2024,True
