,gmid10_id,gmid15_id,gmid10_vgs,gmid15_vgs,gmid10_vth,gmid15_vth,gmid10_vdsat,gmid15_vdsat,gmid10_rds,gmid15_rds,gmid10_gmrds,gmid15_gmrds,gmid10_gmrds_db,gmid15_gmrds_db,name,type,time,OK
0,7.440206,1.9161359999999998,-966.5676,-867.3399000000001,803.4119,815.163,128.9643,73.21747,7.285018999999999,24.57127,540.6972,702.4781,54.65809,56.9325,dc_SchGtKfsTlVt,Sch,Sat Dec 14 11:16:46 2024,True
1,5.311873,1.41095,-1014.58,-913.1842999999999,844.7496,852.0965,121.48530000000001,69.42653999999999,10.47646,34.43382,555.121,724.921,54.88675,57.20553,dc_SchGtKsfTlVt,Sch,Sat Dec 14 11:16:46 2024,True
2,7.494871,1.9919,-976.0341,-878.0166,809.4901,820.0177,132.328,75.8361,7.279478999999999,23.913729999999997,544.1989,711.4601,54.71409,57.04285,dc_SchGtKffTlVt,Sch,Sat Dec 14 11:16:46 2024,True
3,5.460170000000001,1.418069,-1008.9300000000001,-906.398,842.2715,850.1461,119.5499,67.76472,10.10811,33.879999999999995,551.3746,716.4865,54.82855,57.10395,dc_SchGtKssTlVt,Sch,Sat Dec 14 11:16:46 2024,True
4,6.3434099999999995,0.7161674,-918.2013,-747.7736,774.7397000000001,774.6391,146.2169,64.21615999999999,8.501285,60.30907,538.5177,645.4964,54.62358,56.1978,dc_SchGtKfsTahVt,Sch,Sat Dec 14 11:16:46 2024,True
5,4.7779620000000005,0.9501187,-983.2263999999999,-851.8376,829.6494,827.4711,143.5095,75.40133,11.60067,49.8745,553.167,708.71,54.85641,57.00934,dc_SchGtKsfTahVt,Sch,Sat Dec 14 11:16:46 2024,True
6,6.363698,0.9077975,-930.1367,-775.5036,782.9203,781.9323,149.7817,70.51143,8.531741,49.398379999999996,542.8679,669.2458,54.69384,56.51169,dc_SchGtKffTahVt,Sch,Sat Dec 14 11:16:46 2024,True
7,4.91773,0.8798338,-975.2735,-836.0073,825.5636,823.4329,141.17340000000002,71.57953,11.18435,52.788669999999996,548.7482,693.3655,54.78669,56.81924,dc_SchGtKssTahVt,Sch,Sat Dec 14 11:16:45 2024,True
